id_dt_ib,name_dt_ib,iso,from_year,to_year,is_current
0001,anantnag,JK,1961,9999,1
0002,budgam,JK,2011,9999,1
0003,baramulla,JK,1961,9999,1
0004,doda,JK,1961,9999,1
0005,jammu,JK,1961,9999,1
0006,kargil,LA,2011,9999,1
0007,kathua,JK,1961,9999,1
0008,kupwara,JK,1981,9999,1
0009,lehladakh,LA,2011,9999,1
0010,poonch,JK,1961,9999,1
0011,pulwama,JK,1981,9999,1
0012,rajouri,JK,2001,9999,1
0013,srinagar,JK,1961,9999,1
0014,udhampur,JK,1961,9999,1
0015,bilaspur,HP,1951,9999,1
0016,chamba,HP,1951,9999,1
0017,hamirpur,HP,1981,9999,1
0018,kangra,HP,1971,9999,1
0019,kinnaur,HP,1961,9999,1
0020,kullu,HP,2001,9999,1
0021,lahulandspiti,HP,1981,9999,1
0022,mandi,HP,1951,9999,1
0023,shimla,HP,1981,9999,1
0024,sirmaur,HP,1971,9999,1
0025,solan,HP,1971,9999,1
0026,una,HP,1971,9999,1
0027,amritsar,PB,1951,9999,1
0028,bathinda,PB,1981,9999,1
0029,faridkot,PB,1981,9999,1
0030,fatehgarhsahib,PB,1951,9999,1
0031,ferozepur,PB,1951,9999,1
0032,gurdaspur,PB,1951,9999,1
0033,hoshiarpur,PB,1951,9999,1
0034,jalandhar,PB,1991,9999,1
0035,kapurthala,PB,1951,9999,1
0036,ludhiana,PB,1951,9999,1
0037,mansa,PB,2001,9999,1
0038,moga,PB,2001,9999,1
0039,srimuktsarsahib,PB,2011,9999,1
0040,shahidbhagatsinghnagar,PB,2001,9999,1
0041,patiala,PB,1951,9999,1
0042,rupnagar,PB,1981,9999,1
0043,sangrur,PB,1951,9999,1
0044,chandigarh,CH,1971,9999,1
0045,almora,UT,2001,9999,1
0046,bageshwar,UT,2001,9999,1
0047,chamoli,UT,2001,9999,1
0048,champawat,UT,2001,9999,1
0049,dehradun,UT,2001,9999,1
0050,haridwar,UT,2011,9999,1
0051,nainital,UT,2001,9999,1
0052,paurigarhwal,UT,2011,9999,1
0053,pithoragarh,UT,2001,9999,1
0054,rudraprayag,UT,2001,9999,1
0055,tehrigarhwal,UT,2001,9999,1
0056,udamsinghnagar,UT,2011,9999,1
0057,uttarkashi,UT,2001,9999,1
0058,ambala,HR,1971,9999,1
0059,bhiwani,HR,1981,9999,1
0060,faridabad,HR,1981,9999,1
0061,fatehabad,HR,2001,9999,1
0062,gurugram,HR,2011,9999,1
0063,hisar,HR,1971,9999,1
0064,jhajjar,HR,2001,9999,1
0065,jind,HR,1971,9999,1
0066,kaithal,HR,1991,9999,1
0067,karnal,HR,1971,9999,1
0068,kurukshetra,HR,1981,9999,1
0069,mahendragarh,HR,1971,9999,1
0070,panchkula,HR,2001,9999,1
0071,panipat,HR,1991,9999,1
0072,rewari,HR,1991,9999,1
0073,rohtak,HR,1971,9999,1
0074,sirsa,HR,1981,9999,1
0075,sonipat,HR,1981,9999,1
0076,yamunanagar,HR,1991,9999,1
0077,central,DL,2011,9999,1
0078,east,DL,2011,9999,1
0079,newdelhi,DL,2001,9999,1
0080,north,DL,2011,9999,1
0081,northeast,DL,2011,9999,1
0082,northwest,DL,2011,9999,1
0083,south,DL,2011,9999,1
0084,southwest,DL,2011,9999,1
0085,west,DL,2011,9999,1
0086,ajmer,RJ,1951,9999,1
0087,alwar,RJ,1951,9999,1
0088,banswara,RJ,1951,9999,1
0089,baran,RJ,2001,9999,1
0090,barmer,RJ,1951,9999,1
0091,bharatpur,RJ,1951,9999,1
0092,bhilwara,RJ,1951,9999,1
0093,bikaner,RJ,1951,9999,1
0094,bundi,RJ,1951,9999,1
0095,chittorgarh,RJ,1951,9999,1
0096,churu,RJ,1951,9999,1
0097,dausa,RJ,2001,9999,1
0098,dholpur,RJ,2011,9999,1
0099,dungarpur,RJ,1951,9999,1
0100,ganganagar,RJ,1951,9999,1
0101,hanumangarh,RJ,2001,9999,1
0102,jaipur,RJ,1951,9999,1
0103,jaisalmer,RJ,1951,9999,1
0104,jalore,RJ,2011,9999,1
0105,jhalawar,RJ,1951,9999,1
0106,jhunjhunu,RJ,1951,9999,1
0107,jodhpur,RJ,1951,9999,1
0108,karauli,RJ,2001,9999,1
0109,kota,RJ,1961,9999,1
0110,nagaur,RJ,1951,9999,1
0111,pali,RJ,1951,9999,1
0112,rajsamand,RJ,2001,9999,1
0113,sawaimadhopur,RJ,1951,9999,1
0114,sikar,RJ,1951,9999,1
0115,sirohi,RJ,1951,9999,1
0116,tonk,RJ,1951,9999,1
0117,udaipur,RJ,1951,9999,1
0118,agra,UP,1951,9999,1
0119,aligarh,UP,1951,9999,1
0120,prayagraj,UP,2011,9999,1
0121,ambedkarnagar,UP,2001,9999,1
0122,auraiya,UP,2001,9999,1
0123,azamgarh,UP,1951,9999,1
0124,baghpat,UP,2001,9999,1
0125,bahraich,UP,1951,9999,1
0126,ballia,UP,1951,9999,1
0127,balrampur,UP,2001,9999,1
0128,banda,UP,1951,9999,1
0129,barabanki,UP,1951,9999,1
0130,bareilly,UP,1951,9999,1
0131,basti,UP,1951,9999,1
0132,bijnor,UP,1951,9999,1
0133,budaun,UP,1951,9999,1
0134,bulandshahr,UP,1951,9999,1
0135,chandauli,UP,2001,9999,1
0136,chitrakoot,UP,2001,9999,1
0137,deoria,UP,1951,9999,1
0138,etah,UP,1951,9999,1
0139,etawah,UP,1951,9999,1
0140,ayodhya,UP,2011,9999,1
0141,farrukhabad,UP,1951,9999,1
0142,fatehpur,UP,1951,9999,1
0143,firozabad,UP,1991,9999,1
0144,gautambuddhanagar,UP,2001,9999,1
0145,ghaziabad,UP,1981,9999,1
0146,ghazipur,UP,1951,9999,1
0147,gonda,UP,1951,9999,1
0148,gorakhpur,UP,1951,9999,1
0149,hamirpur,UP,1951,9999,1
0150,hardoi,UP,1951,9999,1
0151,jalaun,UP,1951,9999,1
0152,jaunpur,UP,1951,9999,1
0153,jhansi,UP,1951,9999,1
0154,amroha,UP,2011,9999,1
0155,kannauj,UP,2001,9999,1
0156,kanpurdehat,UP,1991,9999,1
0157,kanpurnagar,UP,1991,9999,1
0158,kaushambi,UP,2001,9999,1
0159,kheri,UP,1951,9999,1
0160,kushinagar,UP,2001,9999,1
0161,lalitpur,UP,1981,9999,1
0162,lucknow,UP,1951,9999,1
0163,hathras,UP,2011,9999,1
0164,maharajganj,UP,1991,9999,1
0165,mahoba,UP,2001,9999,1
0166,mainpuri,UP,1951,9999,1
0167,mathura,UP,1951,9999,1
0168,mau,UP,1991,9999,1
0169,meerut,UP,1951,9999,1
0170,mirzapur,UP,1951,9999,1
0171,moradabad,UP,1951,9999,1
0172,muzaffarnagar,UP,1951,9999,1
0173,pilibhit,UP,1951,9999,1
0174,pratapgarh,UP,1951,9999,1
0175,raebareli,UP,1951,9999,1
0176,rampur,UP,1951,9999,1
0177,saharanpur,UP,1951,9999,1
0178,santkabeernagar,UP,2011,9999,1
0179,bhadohi,UP,2011,9999,1
0180,shahjahanpur,UP,1951,9999,1
0181,shravasti,UP,2011,9999,1
0182,siddharthnagar,UP,2001,9999,1
0183,sitapur,UP,1951,9999,1
0184,sonbhadra,UP,1991,9999,1
0185,sultanpur,UP,1951,9999,1
0186,unnao,UP,1951,9999,1
0187,varanasi,UP,1961,9999,1
0188,araria,BR,1991,9999,1
0189,aurangabad,BR,1981,9999,1
0190,banka,BR,2001,9999,1
0191,begusarai,BR,1981,9999,1
0192,bhagalpur,BR,1951,9999,1
0193,bhojpur,BR,1981,9999,1
0194,buxar,BR,2001,9999,1
0195,darbhanga,BR,1951,9999,1
0196,gaya,BR,1951,9999,1
0197,gopalganj,BR,1981,9999,1
0198,jamui,BR,2001,9999,1
0199,jehanabad,BR,1991,9999,1
0200,kaimurbhabua,BR,2011,9999,1
0201,katihar,BR,1981,9999,1
0202,khagaria,BR,1991,9999,1
0203,kishanganj,BR,1991,9999,1
0204,lakhisarai,BR,2001,9999,1
0205,madhepura,BR,1991,9999,1
0206,madhubani,BR,1981,9999,1
0207,munger,BR,1961,9999,1
0208,muzaffarpur,BR,1951,9999,1
0209,nalanda,BR,1981,9999,1
0210,nawada,BR,1981,9999,1
0211,pashchimchamparan,BR,1981,9999,1
0212,patna,BR,1951,9999,1
0213,purbichamparan,BR,2011,9999,1
0214,purnia,BR,1961,9999,1
0215,rohtas,BR,1981,9999,1
0216,saharsa,BR,1951,9999,1
0217,samastipur,BR,1981,9999,1
0218,saran,BR,1951,9999,1
0219,sheikhpura,BR,2001,9999,1
0220,sheohar,BR,2001,9999,1
0221,sitamarhi,BR,1981,9999,1
0222,siwan,BR,1981,9999,1
0223,supaul,BR,2001,9999,1
0224,vaishali,BR,1981,9999,1
0225,gangtok,SK,2011,9999,1
0226,mangan,SK,2011,9999,1
0227,namchi,SK,2011,9999,1
0228,gyalshing,SK,2011,9999,1
0229,changlang,AR,1991,9999,1
0230,dibangvalley,AR,1981,9999,1
0231,eastkameng,AR,1981,9999,1
0232,eastsiang,AR,1981,9999,1
0233,kurungkumey,AR,2001,9999,1
0234,lohit,AR,1961,9999,1
0235,lowerdibangvalley,AR,2011,9999,1
0236,lowersubansiri,AR,1981,9999,1
0237,papumpare,AR,2001,9999,1
0238,tawang,AR,1991,9999,1
0239,tirap,AR,1961,9999,1
0240,uppersiang,AR,2001,9999,1
0241,uppersubansiri,AR,1981,9999,1
0242,westkameng,AR,1981,9999,1
0243,westsiang,AR,1981,9999,1
0244,dimapur,NL,2001,9999,1
0245,kohima,NL,1961,9999,1
0246,mokokchung,NL,1961,9999,1
0247,mon,NL,1981,9999,1
0248,phek,NL,1981,9999,1
0249,tuensang,NL,1951,9999,1
0250,wokha,NL,1981,9999,1
0251,zunheboto,NL,1981,9999,1
0252,bishnupur,MN,1991,9999,1
0253,chandel,MN,1991,9999,1
0254,churachandpur,MN,1991,9999,1
0255,imphaleast,MN,2001,9999,1
0256,imphalwest,MN,2001,9999,1
0257,senapati,MN,1991,9999,1
0258,tamenglong,MN,1991,9999,1
0259,thoubal,MN,1991,9999,1
0260,ukhrul,MN,1991,9999,1
0261,aizawl,MZ,1981,9999,1
0262,champhai,MZ,2001,9999,1
0263,kolasib,MZ,2001,9999,1
0264,lawngtlai,MZ,2001,9999,1
0265,lunglei,MZ,1981,9999,1
0266,mamit,MZ,2001,9999,1
0267,siaha,MZ,2011,9999,1
0268,serchhip,MZ,2001,9999,1
0269,dhalai,TR,2001,9999,1
0270,northtripura,TR,1971,9999,1
0271,southtripura,TR,1971,9999,1
0272,westtripura,TR,1971,9999,1
0273,eastgarohills,ML,1981,9999,1
0274,eastkhasihills,ML,1981,9999,1
0275,westjaintiahills,ML,2011,9999,1
0276,ribhoi,ML,2001,9999,1
0277,southgarohills,ML,2001,9999,1
0278,westgarohills,ML,1981,9999,1
0279,westkhasihills,ML,1981,9999,1
0280,barpeta,AS,1991,9999,1
0281,bongaigaon,AS,1991,9999,1
0282,cachar,AS,1951,9999,1
0283,darrang,AS,1951,9999,1
0284,dhemaji,AS,1991,9999,1
0285,dhubri,AS,2001,9999,1
0286,dibrugarh,AS,1981,9999,1
0287,goalpara,AS,1951,9999,1
0288,golaghat,AS,1991,9999,1
0289,hailakandi,AS,1991,9999,1
0290,jorhat,AS,1991,9999,1
0291,kamrup,AS,1951,9999,1
0292,karbianglong,AS,1981,9999,1
0293,karimganj,AS,1991,9999,1
0294,kokrajhar,AS,1991,9999,1
0295,lakhimpur,AS,1951,9999,1
0296,marigaon,AS,1991,9999,1
0297,nagaon,AS,1991,9999,1
0298,nalbari,AS,1991,9999,1
0299,dimahasao,AS,2001,9999,1
0300,sivasagar,AS,2001,9999,1
0301,sonitpur,AS,1991,9999,1
0302,tinsukia,AS,1991,9999,1
0303,northparganas,WB,2011,9999,1
0304,southparganas,WB,2011,9999,1
0305,bankura,WB,1951,9999,1
0306,purbabardhaman,WB,2011,9999,1
0307,birbhum,WB,1951,9999,1
0308,coochbehar,WB,1951,9999,1
0309,darjeeling,WB,1951,9999,1
0310,dakshindinajpur,WB,2001,9999,1
0311,uttardinajpur,WB,2001,9999,1
0312,hooghly,WB,1951,9999,1
0313,howrah,WB,1951,9999,1
0314,jalpaiguri,WB,1951,9999,1
0315,kolkata,WB,2001,9999,1
0316,malda,WB,1951,9999,1
0317,purbamedinipur,WB,2001,9999,1
0318,paschimmedinipur,WB,2001,9999,1
0319,murshidabad,WB,1951,9999,1
0320,nadia,WB,1951,9999,1
0321,purulia,WB,1961,9999,1
0322,bokaro,JH,2001,9999,1
0323,chatra,JH,2001,9999,1
0324,deoghar,JH,2001,9999,1
0325,dhanbad,JH,2001,9999,1
0326,dumka,JH,2001,9999,1
0327,eastsinghbum,JH,2011,9999,1
0328,garhwa,JH,2001,9999,1
0329,giridih,JH,2001,9999,1
0330,godda,JH,2001,9999,1
0331,gumla,JH,2001,9999,1
0332,hazaribagh,JH,2001,9999,1
0333,jamtara,JH,2001,9999,1
0334,koderma,JH,2011,9999,1
0335,latehar,JH,2001,9999,1
0336,lohardaga,JH,2001,9999,1
0337,pakur,JH,2001,9999,1
0338,palamu,JH,2001,9999,1
0339,ranchi,JH,2001,9999,1
0340,sahebganj,JH,2011,9999,1
0341,saraikelakharsawan,JH,2001,9999,1
0342,simdega,JH,2001,9999,1
0343,westsinghbhum,JH,2011,9999,1
0344,anugul,OR,2001,9999,1
0345,balangir,OR,2001,9999,1
0346,baleshwar,OR,1981,9999,1
0347,bargarh,OR,2001,9999,1
0348,bhadrak,OR,2001,9999,1
0349,boudh,OR,2011,9999,1
0350,cuttack,OR,1951,9999,1
0351,deogarh,OR,2011,9999,1
0352,dhenkanal,OR,1951,9999,1
0353,gajapati,OR,2001,9999,1
0354,ganjam,OR,1951,9999,1
0355,jagatsinghapur,OR,2001,9999,1
0356,jajapur,OR,2001,9999,1
0357,jharsuguda,OR,2001,9999,1
0358,kalahandi,OR,1951,9999,1
0359,kandhamal,OR,2001,9999,1
0360,kendrapara,OR,2001,9999,1
0361,kendujhar,OR,2001,9999,1
0362,khordha,OR,2001,9999,1
0363,koraput,OR,1951,9999,1
0364,malkangiri,OR,2001,9999,1
0365,mayurbhanj,OR,1951,9999,1
0366,nabarangpur,OR,2011,9999,1
0367,nayagarh,OR,2001,9999,1
0368,nuapada,OR,2001,9999,1
0369,puri,OR,1951,9999,1
0370,rayagada,OR,2001,9999,1
0371,sambalpur,OR,1951,9999,1
0372,sonepur,OR,2011,9999,1
0373,sundargarh,OR,1951,9999,1
0374,bastar,CT,2001,9999,1
0375,bilaspur,CT,2001,9999,1
0376,dakshinbastardantewada,CT,2001,9999,1
0377,dhamtari,CT,2001,9999,1
0378,durg,CT,2001,9999,1
0379,janjgirchampa,CT,2001,9999,1
0380,jashpur,CT,2001,9999,1
0381,uttarbastarkanker,CT,2001,9999,1
0382,kabeerdham,CT,2001,9999,1
0383,korba,CT,2001,9999,1
0384,korea,CT,2011,9999,1
0385,mahasamund,CT,2001,9999,1
0386,raigarh,CT,2001,9999,1
0387,raipur,CT,2001,9999,1
0388,rajnandgaon,CT,2001,9999,1
0389,surguja,CT,2001,9999,1
0390,anuppur,MP,2001,9999,1
0391,ashoknagar,MP,2001,9999,1
0392,balaghat,MP,1951,9999,1
0393,barwani,MP,2001,9999,1
0394,betul,MP,1951,9999,1
0395,bhind,MP,1951,9999,1
0396,bhopal,MP,1981,9999,1
0397,burhanpur,MP,2001,9999,1
0398,chhatarpur,MP,1951,9999,1
0399,chhindwara,MP,1951,9999,1
0400,damoh,MP,1961,9999,1
0401,datia,MP,1951,9999,1
0402,dewas,MP,1951,9999,1
0403,dhar,MP,1951,9999,1
0404,dindori,MP,2001,9999,1
0405,eastnimar,MP,1961,9999,1
0406,guna,MP,1961,9999,1
0407,gwalior,MP,1961,9999,1
0408,harda,MP,2001,9999,1
0409,narmadapuram,MP,2011,9999,1
0410,indore,MP,1951,9999,1
0411,jabalpur,MP,1951,9999,1
0412,jhabua,MP,1951,9999,1
0413,katni,MP,2001,9999,1
0414,khargone,MP,1971,9999,1
0415,mandla,MP,1951,9999,1
0416,mandsaur,MP,1951,9999,1
0417,morena,MP,1951,9999,1
0418,narsinghpur,MP,2011,9999,1
0419,neemuch,MP,2001,9999,1
0420,panna,MP,1951,9999,1
0421,raisen,MP,1951,9999,1
0422,rajgarh,MP,1951,9999,1
0423,ratlam,MP,1951,9999,1
0424,rewa,MP,1951,9999,1
0425,sagar,MP,1951,9999,1
0426,satna,MP,1951,9999,1
0427,sehore,MP,1951,9999,1
0428,seoni,MP,1961,9999,1
0429,shahdol,MP,1951,9999,1
0430,shajapur,MP,1951,9999,1
0431,sheopur,MP,2001,9999,1
0432,shivpuri,MP,1951,9999,1
0433,sidhi,MP,1951,9999,1
0434,tikamgarh,MP,1951,9999,1
0435,ujjain,MP,1951,9999,1
0436,umaria,MP,2001,9999,1
0437,vidisha,MP,1971,9999,1
0438,ahmadabad,GJ,2011,9999,1
0439,amreli,GJ,1961,9999,1
0440,anand,GJ,2001,9999,1
0441,banaskantha,GJ,1961,9999,1
0442,bharuch,GJ,1981,9999,1
0443,bhavnagar,GJ,1961,9999,1
0444,dang,GJ,2011,9999,1
0445,dohad,GJ,2001,9999,1
0446,gandhinagar,GJ,1971,9999,1
0447,jamnagar,GJ,1961,9999,1
0448,junagadh,GJ,1961,9999,1
0449,kachchh,GJ,1981,9999,1
0450,kheda,GJ,1971,9999,1
0451,mahesana,GJ,2001,9999,1
0452,narmada,GJ,2001,9999,1
0453,navsari,GJ,2001,9999,1
0454,panchmahals,GJ,1961,9999,1
0455,patan,GJ,2001,9999,1
0456,porbandar,GJ,2001,9999,1
0457,rajkot,GJ,1961,9999,1
0458,sabarkantha,GJ,1961,9999,1
0459,surat,GJ,1961,9999,1
0460,surendranagar,GJ,1961,9999,1
0461,vadodara,GJ,1981,9999,1
0462,valsad,GJ,1971,9999,1
0463,daman,DD,1991,9999,1
0464,diu,DD,1991,9999,1
0465,dadraandnagarhaveli,DH,2011,9999,1
0466,ahmednagar,MH,1991,9999,1
0467,akola,MH,1961,9999,1
0468,amravati,MH,1961,9999,1
0469,aurangabad,MH,1961,9999,1
0470,beed,MH,2011,9999,1
0471,bhandara,MH,1961,9999,1
0472,buldhana,MH,1961,9999,1
0473,chandrapur,MH,1961,9999,1
0474,dhule,MH,1991,9999,1
0475,gadchiroli,MH,1991,9999,1
0476,gondia,MH,2011,9999,1
0477,hingoli,MH,2001,9999,1
0478,jalgaon,MH,1951,9999,1
0479,jalna,MH,1991,9999,1
0480,kolhapur,MH,1951,9999,1
0481,latur,MH,1991,9999,1
0482,mumbai,MH,2001,9999,1
0483,mumbaisuburban,MH,2001,9999,1
0484,nagpur,MH,1961,9999,1
0485,nanded,MH,1961,9999,1
0486,nandurbar,MH,2001,9999,1
0487,nashik,MH,2001,9999,1
0488,osmanabad,MH,1961,9999,1
0489,parbhani,MH,1961,9999,1
0490,pune,MH,1991,9999,1
0491,raigad,MH,2011,9999,1
0492,ratnagiri,MH,1951,9999,1
0493,sangli,MH,1951,9999,1
0494,satara,MH,1961,9999,1
0495,sindhudurg,MH,1991,9999,1
0496,solapur,MH,1991,9999,1
0497,thane,MH,1991,9999,1
0498,wardha,MH,1961,9999,1
0499,washim,MH,2001,9999,1
0500,yavatmal,MH,1991,9999,1
0501,adilabad,TG,1951,9999,1
0502,ananthapuramu,AP,2011,9999,1
0503,chittoor,AP,1961,9999,1
0504,ysr,AP,2001,9999,1
0505,eastgodavari,AP,1961,9999,1
0506,guntur,AP,1961,9999,1
0507,hyderabad,TG,1951,9999,1
0508,karimnagar,TG,1951,9999,1
0509,khammam,TG,2011,9999,1
0510,krishna,AP,1961,9999,1
0511,kurnool,AP,1961,9999,1
0512,mahabubnagar,TG,2011,9999,1
0513,medak,TG,1951,9999,1
0514,nalgonda,TG,1951,9999,1
0515,sripottisriramulunellore,AP,2011,9999,1
0516,nizamabad,TG,1951,9999,1
0517,prakasam,AP,1981,9999,1
0518,rangareddy,TG,2011,9999,1
0519,srikakulam,AP,1961,9999,1
0520,visakhapatnam,AP,1961,9999,1
0521,vizianagaram,AP,1981,9999,1
0522,warangal,TG,1951,9999,1
0523,westgodavari,AP,1961,9999,1
0524,bagalkote,KA,2011,9999,1
0525,bengaluruurban,KA,2011,9999,1
0526,bengalururural,KA,2011,9999,1
0527,belagavi,KA,2011,9999,1
0528,ballari,KA,2011,9999,1
0529,bidar,KA,1961,9999,1
0530,vijayapura,KA,2011,9999,1
0531,chamarajanagara,KA,2011,9999,1
0532,chikkamagaluru,KA,2011,9999,1
0533,chitradurga,KA,1961,9999,1
0534,dakshinakannada,KA,2001,9999,1
0535,davangere,KA,2011,9999,1
0536,dharwad,KA,1991,9999,1
0537,gadag,KA,2001,9999,1
0538,kalaburagi,KA,2011,9999,1
0539,hassan,KA,1951,9999,1
0540,haveri,KA,2001,9999,1
0541,kodagu,KA,1981,9999,1
0542,kolar,KA,1951,9999,1
0543,koppal,KA,2001,9999,1
0544,mandya,KA,1951,9999,1
0545,mysuru,KA,2011,9999,1
0546,raichur,KA,1961,9999,1
0547,shivamogga,KA,2011,9999,1
0548,tumakuru,KA,2011,9999,1
0549,udupi,KA,2001,9999,1
0550,uttarakannada,KA,2001,9999,1
0551,northgoa,GA,1991,9999,1
0552,southgoa,GA,1991,9999,1
0553,lakshadweepdistrict,LD,2011,9999,1
0554,alappuzha,KL,2001,9999,1
0555,ernakulam,KL,1961,9999,1
0556,idukki,KL,1981,9999,1
0557,kannur,KL,1991,9999,1
0558,kasaragod,KL,1991,9999,1
0559,kollam,KL,1991,9999,1
0560,kottayam,KL,1951,9999,1
0561,kozhikode,KL,1961,9999,1
0562,malappuram,KL,1971,9999,1
0563,palakkad,KL,2001,9999,1
0564,pathanamthitta,KL,2001,9999,1
0565,thiruvananthapuram,KL,1991,9999,1
0566,thrissur,KL,2001,9999,1
0567,wayanad,KL,1981,9999,1
0568,chennai,TN,2001,9999,1
0569,coimbatore,TN,1951,9999,1
0570,cuddalore,TN,2001,9999,1
0571,dharmapuri,TN,1971,9999,1
0572,dindigul,TN,2001,9999,1
0573,erode,TN,2001,9999,1
0574,kanchipuram,TN,2011,9999,1
0575,kanniyakumari,TN,2001,9999,1
0576,karur,TN,2001,9999,1
0577,krishnagiri,TN,2001,9999,1
0578,madurai,TN,1951,9999,1
0579,nagapattinam,TN,2001,9999,1
0580,namakkal,TN,2001,9999,1
0581,perambalur,TN,2001,9999,1
0582,pudukkottai,TN,1981,9999,1
0583,ramanathapuram,TN,1951,9999,1
0584,salem,TN,1951,9999,1
0585,sivaganga,TN,2001,9999,1
0586,thanjavur,TN,1961,9999,1
0587,thenilgiris,TN,2001,9999,1
0588,theni,TN,2001,9999,1
0589,thiruvallur,TN,2001,9999,1
0590,thiruvarur,TN,2001,9999,1
0591,tiruchirappalli,TN,2011,9999,1
0592,tirunelveli,TN,1951,9999,1
0593,tiruvannamalai,TN,2001,9999,1
0594,tuticorin,TN,2011,9999,1
0595,vellore,TN,2001,9999,1
0596,villupuram,TN,2011,9999,1
0597,virudhunagar,TN,2001,9999,1
0598,karaikal,PY,1951,9999,1
0599,mahe,PY,1951,9999,1
0600,pondicherry,PY,1951,9999,1
0601,yanam,PY,1951,9999,1
0602,southandamans,AN,2011,9999,1
0603,nicobars,AN,2001,9999,1
0604,nuh,HR,2011,9999,1
0605,barnala,PB,1951,9999,1
0606,khunti,JH,2001,9999,1
0607,ramgarh,JH,2001,9999,1
0608,sasnagar,PB,2011,9999,1
0609,tarntaran,PB,2011,9999,1
0610,ariyalur,TN,2001,9999,1
0611,arwal,BR,2001,9999,1
0612,chirang,AS,2001,9999,1
0613,peren,NL,2001,9999,1
0614,kiphire,NL,2001,9999,1
0615,longleng,NL,2001,9999,1
0616,baksa,AS,2001,9999,1
0617,udalguri,AS,2001,9999,1
0618,kamrupmetro,AS,2011,9999,1
0619,palwal,HR,2011,9999,1
0620,kishtwar,JK,2011,9999,1
0621,ramban,JK,2011,9999,1
0622,kulgam,JK,2011,9999,1
0623,bandipora,JK,2011,9999,1
0624,samba,JK,2011,9999,1
0625,shopian,JK,2011,9999,1
0626,ganderbal,JK,2011,9999,1
0627,reasi,JK,2011,9999,1
0628,anjaw,AR,2001,9999,1
0629,pratapgarh,RJ,2011,9999,1
0630,chikkaballapura,KA,2001,9999,1
0631,ramanagara,KA,2001,9999,1
0632,northandmiddleandaman,AN,2011,9999,1
0633,kasganj,UP,2011,9999,1
0634,tiruppur,TN,2001,9999,1
0635,yadgir,KA,2001,9999,1
0636,bijapur,CT,2001,9999,1
0637,narayanpur,CT,2001,9999,1
0638,singrauli,MP,2001,9999,1
0639,alirajpur,MP,2001,9999,1
0640,amethi,UP,2011,9999,1
0641,tapi,GJ,2001,9999,1
0642,sukma,CT,2011,9999,1
0643,kondagaon,CT,2011,9999,1
0644,balodabazarbhatapara,CT,2011,9999,1
0645,gariyaband,CT,2011,9999,1
0646,balod,CT,2011,9999,1
0647,mungeli,CT,2011,9999,1
0648,surajpur,CT,2011,9999,1
0649,balrampurramanujganj,CT,2011,9999,1
0650,bemetara,CT,2011,9999,1
0651,fazilka,PB,2011,9999,1
0652,khowai,TR,2011,9999,1
0653,sepahijala,TR,2011,9999,1
0654,gomati,TR,2011,9999,1
0655,unakoti,TR,2011,9999,1
0656,northgarohills,ML,2011,9999,1
0657,eastjaintiahills,ML,2011,9999,1
0658,southwestkhasihills,ML,2011,9999,1
0659,sambhal,UP,2011,9999,1
0660,shamli,UP,2011,9999,1
0661,hapur,UP,2011,9999,1
0662,pathankot,PB,2011,9999,1
0663,southwestgarohills,ML,2011,9999,1
0664,alipurduar,WB,2011,9999,1
0665,palghar,MH,2011,9999,1
0666,longding,AR,2011,9999,1
0667,agarmalwa,MP,2011,9999,1
0668,chhotaudepur,GJ,2011,9999,1
0669,mahisagar,GJ,2011,9999,1
0670,southeast,DL,2011,9999,1
0671,shahdara,DL,2011,9999,1
0672,arvalli,GJ,2011,9999,1
0673,morbi,GJ,2011,9999,1
0674,devbhumidwarka,GJ,2011,9999,1
0675,girsomnath,GJ,2011,9999,1
0676,botad,GJ,2011,9999,1
0677,kradaadi,AR,2011,9999,1
0678,namsai,AR,2011,9999,1
0679,siang,AR,1961,9999,1
0680,nirmal,TG,2011,9999,1
0681,jagitial,TG,2011,9999,1
0682,peddapalli,TG,2011,9999,1
0683,rajannasircilla,TG,2011,9999,1
0684,mancherial,TG,2011,9999,1
0685,kamareddy,TG,2011,9999,1
0686,hanumakonda,TG,2011,9999,1
0687,jayashankarbhupalapally,TG,2011,9999,1
0688,mahabubabad,TG,2011,9999,1
0689,jangoan,TG,2011,9999,1
0690,bhadradrikothagudem,TG,2011,9999,1
0691,sangareddy,TG,2011,9999,1
0692,siddipet,TG,2011,9999,1
0693,wanaparthy,TG,2011,9999,1
0694,nagarkurnool,TG,2011,9999,1
0695,jogulambagadwal,TG,2011,9999,1
0696,suryapet,TG,2011,9999,1
0697,yadadribhuvanagiri,TG,2011,9999,1
0698,vikarabad,TG,2011,9999,1
0699,kumurambheemasifabad,TG,2011,9999,1
0700,medchalmalkajgiri,TG,2011,9999,1
0701,charkidadri,HR,2011,9999,1
0702,kalimpong,WB,2011,9999,1
0703,jhargram,WB,2011,9999,1
0704,paschimbardhaman,WB,2011,9999,1
0705,biswanath,AS,2011,9999,1
0706,majuli,AS,2011,9999,1
0707,southsalmaramancachar,AS,2011,9999,1
0708,charaideo,AS,2011,9999,1
0709,hojai,AS,2011,9999,1
0710,westkarbianglong,AS,2011,9999,1
0711,kakching,MN,2011,9999,1
0712,kangpokpi,MN,2011,9999,1
0713,jiribam,MN,2011,9999,1
0714,noney,MN,2011,9999,1
0715,pherzawl,MN,2011,9999,1
0716,tengnoupal,MN,1981,9999,1
0717,kamjong,MN,2011,9999,1
0718,kamle,AR,2011,9999,1
0719,lowersiang,AR,2011,9999,1
0720,mulugu,TG,2011,9999,1
0721,narayanpet,TG,2011,9999,1
0722,niwari,MP,2011,9999,1
0723,pakkekessang,AR,2011,9999,1
0724,leparada,AR,2011,9999,1
0725,shiyomi,AR,2011,9999,1
0726,hnahthial,MZ,2011,9999,1
0727,saitual,MZ,2011,9999,1
0728,khawzawl,MZ,2011,9999,1
0729,kallakurichi,TN,2011,9999,1
0730,chengalpattu,TN,2011,9999,1
0731,ranipet,TN,2011,9999,1
0732,tirupathur,TN,2011,9999,1
0733,tenkasi,TN,2011,9999,1
0734,gaurelapendramarwahi,CT,2011,9999,1
0735,mayiladuthurai,TN,2011,9999,1
0736,noklak,NL,2011,9999,1
0737,malerkotla,PB,2011,9999,1
0738,vijayanagar,KA,2011,9999,1
0739,bajali,AS,2011,9999,1
0740,easternwestkhasihills,ML,2011,9999,1
0741,pakyong,SK,2011,9999,1
0742,soreng,SK,2011,9999,1
0743,parvathipurammanyam,AP,2011,9999,1
0744,anakapalli,AP,2011,9999,1
0745,allurisitharamaraju,AP,2011,9999,1
0746,kakinada,AP,2011,9999,1
0747,drbrambedkarkonaseema,AP,2011,9999,1
0748,eluru,AP,2011,9999,1
0749,ntr,AP,2011,9999,1
0750,bapatla,AP,2011,9999,1
0751,palnadu,AP,2011,9999,1
0752,tirupati,AP,2011,9999,1
0753,annamayya,AP,2011,9999,1
0754,srisathyasai,AP,2011,9999,1
0755,nandyal,AP,2011,9999,1
0756,tamulpur,AS,2011,9999,1
0757,tseminyu,NL,2011,9999,1
0758,chumoukedima,NL,2011,9999,1
0759,khairagarhchhuikhadangandai,CT,2011,9999,1
0760,manendragarhchirmiribharatpurmcb,CT,2011,9999,1
0761,mohlamanpurambagarhchouki,CT,2011,9999,1
0762,sakti,CT,2011,9999,1
0763,sarangarhbilaigarh,CT,2011,9999,1
0764,niuland,NL,2011,9999,1
0765,shamator,NL,2011,9999,1
0766,mauganj,MP,2011,9999,1
0767,deeg,RJ,2011,9999,1
0768,didwanakuchaman,RJ,2011,9999,1
0769,dudu,RJ,2011,9999,1
0770,khairthaltijara,RJ,2011,9999,1
0771,gangapurcity,RJ,2011,9999,1
0772,phalodi,RJ,2011,9999,1
0773,neemkathana,RJ,2011,9999,1
0774,beawar,RJ,2011,9999,1
0775,balotra,RJ,2011,9999,1
0776,anoopgarh,RJ,2011,9999,1
0777,salumbar,RJ,2011,9999,1
0778,jodhpurgramin,RJ,2011,9999,1
0779,sanchor,RJ,2011,9999,1
0780,shahpura,RJ,2011,9999,1
0781,kekri,RJ,2011,9999,1
0782,kotputlibehror,RJ,2011,9999,1
0783,jaipurgramin,RJ,2011,9999,1
99900001,andaman,AN,1981,1991,0
99900002,andamannicobarislands,AN,1951,1971,0
99900003,andamans,AN,2001,2001,0
99900004,nicobar,AN,1981,1991,0
99900005,northmiddleandaman,AN,2001,2011,0
99900006,southandaman,AN,2011,2011,0
99900007,adilabad,AP,1961,2011,0
99900008,anantapur,AP,1961,2011,0
99900009,cuddapah,AP,1961,1991,0
99900010,hyderabad,AP,1961,2011,0
99900011,karimnagar,AP,1961,2011,0
99900012,khammam,AP,1961,2011,0
99900013,mahbubnagar,AP,1961,2011,0
99900014,medak,AP,1961,2011,0
99900015,nalgonda,AP,1961,2011,0
99900016,nellore,AP,1961,2011,0
99900017,nizamabad,AP,1961,2011,0
99900018,ongole,AP,1971,1971,0
99900019,rangareddi,AP,1981,1991,0
99900020,rangareddy,AP,2001,2011,0
99900021,warangal,AP,1961,2011,0
99900022,aborhills,AR,1951,1951,0
99900023,baliparafrontiertract,AR,1951,1951,0
99900024,kameng,AR,1961,1971,0
99900025,mishmihills,AR,1951,1951,0
99900026,subansiri,AR,1961,1971,0
99900027,tirapfrontiertract,AR,1951,1951,0
99900028,dhuburi,AS,1991,1991,0
99900029,garohills,AS,1951,1961,0
99900030,kamrupmetropolitan,AS,2001,2011,0
99900031,lushaihills,AS,1951,1951,0
99900032,mikirhills,AS,1971,1971,0
99900033,mizohills,AS,1961,1961,0
99900034,morigaon,AS,2001,2011,0
99900035,northcacharhills,AS,1971,1991,0
99900036,nowgong,AS,1951,1981,0
99900037,sibsagar,AS,1951,1991,0
99900038,unitedkhasijaintiahills,AS,1951,1961,0
99900039,unitedmikirnorthcacharhills,AS,1951,1961,0
99900040,champaran,BR,1951,1971,0
99900041,deoghar,BR,1991,1991,0
99900042,dhanbad,BR,1951,1991,0
99900043,dumka,BR,1991,1991,0
99900044,giridih,BR,1981,1991,0
99900045,godda,BR,1991,1991,0
99900046,gumla,BR,1991,1991,0
99900047,hazaribag,BR,1951,1991,0
99900048,kaimur,BR,2001,2011,0
99900049,lohardaga,BR,1991,1991,0
99900050,lohardarga,BR,1981,1981,0
99900051,monghyr,BR,1951,1971,0
99900052,palamau,BR,1951,1971,0
99900053,palamu,BR,1981,1991,0
99900054,pashchimisinghbhum,BR,1991,1991,0
99900055,purbachamparan,BR,1981,2011,0
99900056,purbisinghbhum,BR,1991,1991,0
99900057,purnea,BR,1951,1971,0
99900058,purulia,BR,1951,1951,0
99900059,ranchi,BR,1951,1991,0
99900060,sahibganj,BR,1991,1991,0
99900061,santalparganas,BR,1971,1991,0
99900062,santhalpargana,BR,1981,1981,0
99900063,santhalparganas,BR,1951,1961,0
99900064,shahabad,BR,1951,1971,0
99900065,singhbhum,BR,1951,1981,0
99900066,koriya,CT,2001,2011,0
99900067,dadranagarhaveli,DH,1951,2011,0
99900068,centraldelhi,DL,2001,2011,0
99900069,delhi,DL,1951,1991,0
99900070,eastdelhi,DL,2001,2011,0
99900071,northdelhi,DL,2001,2011,0
99900072,northeastdelhi,DL,2001,2011,0
99900073,northwestdelhi,DL,2001,2011,0
99900074,southdelhi,DL,2001,2011,0
99900075,southwestdelhi,DL,2001,2011,0
99900076,westdelhi,DL,2001,2011,0
99900077,daman,GA,1951,1981,0
99900078,diu,GA,1951,1981,0
99900079,goa,GA,1951,1981,0
99900080,ahmedabad,GJ,1961,2011,0
99900081,baroda,GJ,1961,1971,0
99900082,broach,GJ,1961,1971,0
99900083,centralsaurashtra,GJ,1951,1951,0
99900084,dangs,GJ,1961,1961,0
99900085,gohilwad,GJ,1951,1951,0
99900086,halar,GJ,1951,1951,0
99900087,junagarh,GJ,1981,1991,0
99900088,kaira,GJ,1961,1961,0
99900089,kutch,GJ,1951,1971,0
99900090,mehsana,GJ,1961,1991,0
99900091,sorath,GJ,1951,1951,0
99900092,thedangs,GJ,1971,2011,0
99900093,zalawad,GJ,1951,1951,0
99900094,kulu,HP,1971,1991,0
99900095,lahulspiti,HP,1971,2011,0
99900096,mahasu,HP,1951,1971,0
99900097,simla,HP,1971,1971,0
99900098,sirmoor,HP,1951,1951,0
99900099,sirmur,HP,1961,1961,0
99900100,gurgaon,HR,1971,2011,0
99900101,mewat,HR,2011,2011,0
99900102,kodarma,JH,2001,2011,0
99900103,pashchimisinghbhum,JH,2001,2011,0
99900104,purbisinghbhum,JH,2001,2011,0
99900105,sahibganj,JH,2001,2011,0
99900106,badgam,JK,1981,2011,0
99900107,bandipore,JK,2011,2011,0
99900108,baramula,JK,1971,2011,0
99900109,jammukashmir,JK,1951,1951,0
99900110,kargil,JK,1981,2011,0
99900111,ladakh,JK,1961,1991,0
99900112,leh,JK,2001,2011,0
99900113,punch,JK,1971,2011,0
99900114,rajauri,JK,1971,1991,0
99900115,shupiyan,JK,2011,2011,0
99900116,bagalkot,KA,2001,2011,0
99900117,bangalore,KA,1951,2011,0
99900118,bangalorerural,KA,1991,2011,0
99900119,belgaum,KA,1961,2011,0
99900120,bellary,KA,1961,2011,0
99900121,bijapur,KA,1961,2011,0
99900122,chamarajanagar,KA,2001,2011,0
99900123,chikmagalur,KA,1951,2011,0
99900124,chitaldurga,KA,1951,1951,0
99900125,coorg,KA,1951,1971,0
99900126,dakshinkannada,KA,1981,1991,0
99900127,davanagere,KA,2001,2011,0
99900128,dharwar,KA,1961,1981,0
99900129,gulbarga,KA,1961,2011,0
99900130,mysore,KA,1951,2011,0
99900131,northkanara,KA,1961,1971,0
99900132,shimoga,KA,1951,2011,0
99900133,southkanara,KA,1961,1971,0
99900134,tumkur,KA,1951,2011,0
99900135,uttarkannada,KA,1981,1991,0
99900136,alleppey,KL,1961,1991,0
99900137,cannanore,KL,1961,1981,0
99900138,palghat,KL,1961,1991,0
99900139,patthanamthitta,KL,1991,1991,0
99900140,quilon,KL,1951,1981,0
99900141,trichur,KL,1951,1991,0
99900142,trivandrum,KL,1951,1981,0
99900143,laccadive,LD,1951,1971,0
99900144,lakshadweep,LD,1981,2011,0
99900145,ahmadnagar,MH,1951,1981,0
99900146,ahmedabad,MH,1951,1951,0
99900147,amreli,MH,1951,1951,0
99900148,banaskantha,MH,1951,1951,0
99900149,baroda,MH,1951,1951,0
99900150,belgaum,MH,1951,1951,0
99900151,bhir,MH,1961,1981,0
99900152,bid,MH,1991,2011,0
99900153,bijapur,MH,1951,1951,0
99900154,broach,MH,1951,1951,0
99900155,buldana,MH,1991,2011,0
99900156,dangs,MH,1951,1951,0
99900157,dharwar,MH,1951,1951,0
99900158,dhulia,MH,1951,1981,0
99900159,eastkhandesh,MH,1951,1951,0
99900160,gondiya,MH,2001,2011,0
99900161,greaterbombay,MH,1951,1991,0
99900162,kaira,MH,1951,1951,0
99900163,kanara,MH,1951,1951,0
99900164,kolaba,MH,1951,1971,0
99900165,mehsana,MH,1951,1951,0
99900166,nasik,MH,1951,1991,0
99900167,panchmahals,MH,1951,1951,0
99900168,poona,MH,1951,1981,0
99900169,raigarh,MH,1981,2011,0
99900170,sabarkantha,MH,1951,1951,0
99900171,sataranorth,MH,1951,1951,0
99900172,satarasouth,MH,1951,1951,0
99900173,sholapur,MH,1951,1981,0
99900174,surat,MH,1951,1951,0
99900175,thana,MH,1951,1981,0
99900176,westkhandesh,MH,1951,1951,0
99900177,yeotmal,MH,1961,1981,0
99900178,garohills,ML,1971,1971,0
99900179,jaintiahills,ML,1981,2011,0
99900180,unitedkhasijaintiahills,ML,1971,1971,0
99900181,imphal,MN,1991,1991,0
99900182,manipur,MN,1951,1961,0
99900183,manipurcentral,MN,1971,1981,0
99900184,manipureast,MN,1971,1981,0
99900185,manipurnorth,MN,1971,1981,0
99900186,manipursouth,MN,1971,1981,0
99900187,manipurwest,MN,1971,1981,0
99900188,akola,MP,1951,1951,0
99900189,amravati,MP,1951,1951,0
99900190,bastar,MP,1951,1991,0
99900191,bhandara,MP,1951,1951,0
99900192,bhilsa,MP,1951,1951,0
99900193,bilaspur,MP,1951,1991,0
99900194,buldhana,MP,1951,1951,0
99900195,chanda,MP,1951,1951,0
99900196,durg,MP,1951,1991,0
99900197,gird,MP,1951,1951,0
99900198,goona,MP,1951,1951,0
99900199,hoshangabad,MP,1951,2011,0
99900200,khandwa,MP,1971,2011,0
99900201,nagpur,MP,1951,1951,0
99900202,narsimhapur,MP,1961,2011,0
99900203,nimar,MP,1951,1951,0
99900204,raigarh,MP,1951,1991,0
99900205,raipur,MP,1951,1991,0
99900206,rajnandgaon,MP,1981,1991,0
99900207,surguja,MP,1951,1991,0
99900208,vidishabhilsa,MP,1961,1961,0
99900209,wardha,MP,1951,1951,0
99900210,westnimar,MP,1961,1991,0
99900211,yeotmal,MP,1951,1951,0
99900212,chhimtuipui,MZ,1981,1991,0
99900213,mizoram,MZ,1971,1971,0
99900214,saiha,MZ,2001,2011,0
99900215,nagahills,NL,1951,1951,0
99900216,balasore,OR,1951,1971,0
99900217,baudh,OR,2001,2011,0
99900218,baudhkhondmals,OR,1961,1971,0
99900219,bolangir,OR,1951,1991,0
99900220,debagarh,OR,2001,2011,0
99900221,keonjhar,OR,1951,1991,0
99900222,nabarangapur,OR,2001,2011,0
99900223,phulabani,OR,1981,1991,0
99900224,phulbani,OR,1951,1951,0
99900225,subarnapur,OR,2001,2011,0
99900226,ambala,PB,1951,1961,0
99900227,bhatinda,PB,1951,1971,0
99900228,firozpur,PB,1971,2011,0
99900229,gurgaon,PB,1951,1961,0
99900230,hissar,PB,1951,1961,0
99900231,jullundur,PB,1951,1981,0
99900232,kangra,PB,1951,1961,0
99900233,karnal,PB,1951,1961,0
99900234,kohistan,PB,1951,1951,0
99900235,lahaulspiti,PB,1961,1961,0
99900236,mahendragarh,PB,1961,1961,0
99900237,mohindergarh,PB,1951,1951,0
99900238,muktsar,PB,2001,2011,0
99900239,rohtak,PB,1951,1961,0
99900240,ropar,PB,1971,1971,0
99900241,sahibzadaajitsinghnagar,PB,2011,2011,0
99900242,simla,PB,1951,1961,0
99900243,puducherry,PY,2001,2011,0
99900244,chitorgarh,RJ,1961,1991,0
99900245,chittaurgarh,RJ,2001,2011,0
99900246,dhaulpur,RJ,1991,2011,0
99900247,jalor,RJ,1951,2011,0
99900248,jhunjhunun,RJ,2001,2011,0
99900249,kotah,RJ,1951,1951,0
99900250,eastdistrict,SK,1981,1991,0
99900251,eastsikkim,SK,2001,2011,0
99900252,northdistrict,SK,1981,1991,0
99900253,northsikkim,SK,2001,2011,0
99900254,sikkim,SK,1951,1971,0
99900255,southdistrict,SK,1981,1991,0
99900256,southsikkim,SK,2001,2011,0
99900257,westdistrict,SK,1981,1991,0
99900258,westsikkim,SK,2001,2011,0
99900259,aurangabad,TG,1951,1951,0
99900260,bhir,TG,1951,1951,0
99900261,bidar,TG,1951,1951,0
99900262,gulbarga,TG,1951,1951,0
99900263,mahbubnagar,TG,1951,1951,0
99900264,nanded,TG,1951,1951,0
99900265,osmanabad,TG,1951,1951,0
99900266,parbhani,TG,1951,1951,0
99900267,raichur,TG,1951,1951,0
99900268,anantapur,TN,1951,1951,0
99900269,bellary,TN,1951,1951,0
99900270,chidambaranar,TN,1991,1991,0
99900271,chingleput,TN,1951,1991,0
99900272,chittoor,TN,1951,1951,0
99900273,cuddapah,TN,1951,1951,0
99900274,dindigulanna,TN,1991,1991,0
99900275,eastgodavari,TN,1951,1951,0
99900276,guntur,TN,1951,1951,0
99900277,kancheepuram,TN,2001,2011,0
99900278,kanyakumari,TN,1961,1991,0
99900279,krishna,TN,1951,1951,0
99900280,kurnool,TN,1951,1951,0
99900281,madras,TN,1951,1991,0
99900282,malabar,TN,1951,1951,0
99900283,nellore,TN,1951,1951,0
99900284,nilgiri,TN,1961,1991,0
99900285,nilgiris,TN,1951,1951,0
99900286,northarcot,TN,1951,1991,0
99900287,pasumponmuthuramalingathevar,TN,1991,1991,0
99900288,periyar,TN,1981,1991,0
99900289,southarcot,TN,1951,1991,0
99900290,southkanara,TN,1951,1951,0
99900291,srikakulam,TN,1951,1951,0
99900292,tanjore,TN,1951,1951,0
99900293,thoothukkudi,TN,2001,2011,0
99900294,tiruchirapalli,TN,1951,2001,0
99900295,tirunelvelikattabomman,TN,1991,1991,0
99900296,tiruvannamalaisambuvarayar,TN,1991,1991,0
99900297,viluppuram,TN,2001,2011,0
99900298,vizagapatanam,TN,1951,1951,0
99900299,westgodavari,TN,1951,1951,0
99900300,tripura,TR,1951,1961,0
99900301,allahabad,UP,1951,2011,0
99900302,almora,UP,1951,1991,0
99900303,banares,UP,1951,1951,0
99900304,chamoli,UP,1961,1991,0
99900305,dehra,UP,1951,1951,0
99900306,dehradun,UP,1961,1991,0
99900307,faizabad,UP,1951,2011,0
99900308,garhwal,UP,1951,1991,0
99900309,hardwar,UP,1991,1991,0
99900310,jyotibaphulenagar,UP,2001,2011,0
99900311,kanpur,UP,1951,1981,0
99900312,kanshiramnagar,UP,2001,2011,0
99900313,mahamayanagar,UP,2001,2011,0
99900314,mahrajganj,UP,2001,2001,0
99900315,nainital,UP,1951,1991,0
99900316,pithoragarh,UP,1961,1991,0
99900317,santkabirnagar,UP,2001,2011,0
99900318,santravidasnagar,UP,2001,2011,0
99900319,shrawasti,UP,2001,2011,0
99900320,sidhharthnagar,UP,1991,1991,0
99900321,tehrigarhwal,UP,1951,1991,0
99900322,uttarkashi,UP,1961,1991,0
99900323,garhwal,UT,2001,2011,0
99900324,hardwar,UT,2001,2011,0
99900325,udhamsinghnagar,UT,2001,2011,0
99900326,barddhaman,WB,1981,2011,0
99900327,burdwan,WB,1951,1971,0
99900328,calcutta,WB,1951,1991,0
99900329,darjiling,WB,1981,2011,0
99900330,haora,WB,1981,2011,0
99900331,hugli,WB,1981,2011,0
99900332,kochbihar,WB,1981,2011,0
99900333,maldah,WB,1981,2011,0
99900334,medinipur,WB,1981,1991,0
99900335,midnapore,WB,1961,1971,0
99900336,midnapur,WB,1951,1951,0
99900337,northtwentyfourparganas,WB,1991,2011,0
99900338,puruliya,WB,1981,2011,0
99900339,southtwentyfourparganas,WB,1991,2011,0
99900340,twentyfourparganas,WB,1951,1981,0
99900341,westdinajpur,WB,1951,1991,0
